author,name
,
,
,
,
,
,
,
,
,
,
,
,
,
,
,
,
,
,
,
,制胜之步
,
池沢春人 ,
,
,七人魔法使
,
奈央晃德,
,
,战争留声馆
,
Qile2501,
,
,妖神记
,
踏雪动漫/踏雪动漫,
,
,我是高富帅
,
太枣糕/小花同学,
,
,这个看脸的世界
,
君川 织墨客舍,
,
,无尽之轨
,
梦子 织墨客舍,
,
,
,猎罪师
,
微漫画,
,
,禁魔启示录
,
啊梦 / 织墨客舍,
,
,猫眼神探
,
十二章纹,
,
,黄雀传
,
一淳/新漫画,
,
,周先生，绑嫁犯法
,
云端漫画,
,
,蜜桃小情人之烈爱知夏
,
六日君/云端漫画,
,
,恋糖时光
,
云端漫画,
,
,
,
,
,
,
,
,妖神记
,
,
,百炼成神
,
,
,因为我是开武器店的大叔
,
,
,李泰和方小甜的平行世界
,
,
,英雄？我早就不当了
,
,
,请别告诉我这是三国正史！
,
,
,基因猎人
,
,
,
,镖人
,
,
,驭灵师
,
,
,变身之后，我与她的狂想曲
,
,
,我是我妻
,
,
,退休的勇者们
,
,
,我是高富帅
,
,
,仙侠世界
,
,
,
,
,
,
,
,
,神北克铁盒
,
,
,穿越效应
,
,
,林飞传
,
,
,天下第几
,
,
,武林之王的退隐生活
,
,
,男友是猫又怎样
,
,
,Aqua Kiss
,
,
,
,凶棺
,
,
,风姿物语 银杏篇
,
,
,恋糖时光
,
,
,奇谭·物语
,
,
,苍穹榜之圣灵纪
,
,
,江少要不要嫁过来
,
,
,破梦游戏
,
,
,
,
,
,
,
,
,圣斗士星矢冥王神话
,
,
,山海师
,
,
,妖精的尾巴
,
,
,只有神知道的世界
,
,
,恶魔奶爸
,
,
,虫奉行
,
,
,声之形
,
,
,
,吸血鬼骑士
,
,
,钢之炼金术士
,
,
,潘多拉之心
,
,
,元气少女缘结神
,
,
,史上最强弟子兼一
,
,
,请别告诉我这是三国正史！
,
,
,今天开始恋爱吧
,
,
,
,
,吸血鬼与贫穷大小姐的灾难学..
,
,沦落异界变成皇女殿下的奴隶
,
,万魔之主的我被光明圣女逆推..
,
,毁灭世界的我成了她的英雄
,
,我的後宮來自各個動漫
,
,花千骨之花开陌上
,
,绝尘之剑
,
,
,从零开始的青春文档
,
,轮椅少女穿越世界
,
,晨雾
,
,我永远喜欢学姐的大腿
,
,人族魔王的后宫异界征途
,
,咸鱼的我有个三无萝莉女朋友
,
,我和妹妹的修罗生活
,
,
,
,
,
,
,
,
,
,
,
,家庭教师REBORN!
,
,
,死神
,
,
,爱丽丝学园
,
,
,妖精的尾巴
,
,
,火影忍者
,
,
,滑头鬼之孙
,
,
,恶魔奶爸
,
,
,
,会长是女仆
,
,
,黑执事
,
,
,银魂
,
,
,D格雷少年
,
,
,名侦探柯南
,
,
,Tsubasa翼
,
,
,吸血鬼骑士
,
,
,
,
,
,
,
,
,
,
,
,
,
,
,
,
,
,
,
,
,
,
,
,
,
,
,
,
,
,
,
,
,
,
,
,
,
,
,
,
,
,
